{"train loss": 2.5633824334234916, "_timestamp": 1702901701.6258996, "_runtime": 27.328282594680786, "_step": 17, "learning rate": 3.454915028125263e-05, "eval loss": 0.0012227730696265148, "_wandb": {"runtime": 28}}